{
  "mean": [
    12.6202,
    2.9286,
    17.676,
    0.2601,
    0.3107,
    0.2596,
    0.0384,
    0.8963783783783763,
    1.0,
    0.43113240000000014,
    1.5224651510173268,
    4.5344,
    1.5924,
    0.05081976516839562
  ],
  "scale": [
    7.078372126414338,
    1.9574222947539806,
    9.223081047025456,
    0.43868894446978085,
    0.4627801962055278,
    0.4384151457238215,
    0.1978015166777118,
    0.25457151880310974,
    1.0,
    0.27451055875911284,
    1.0520924269015928,
    2.865277759659638,
    1.081046825997856,
    0.04977226503893781
  ],
  "features": [
    "hour",
    "day_of_week",
    "day_of_month",
    "is_late_night",
    "is_end_of_month",
    "is_weekend",
    "spending_velocity",
    "gap_normalized",
    "category_switch_count",
    "mood_proxy_score",
    "spend_ratio",
    "category_encoded",
    "hour_bucket",
    "anomaly_score"
  ]
}